{
    "step": 10,
    "result": {
        "mr": 206.29688619706303,
        "mrr": 0.01641486495965456,
        "hits@1": 0.0023329182046480704,
        "hits@5": 0.011106830995588502,
        "hits@10": 0.02424353700146046
    },
    "best_step": 10,
    "best_result": {
        "mr": 206.29688619706303,
        "mrr": 0.01641486495965456,
        "hits@1": 0.0023329182046480704,
        "hits@5": 0.011106830995588502,
        "hits@10": 0.02424353700146046
    }
}